{"roc_auc": 0.9628371222818413, "pr_auc": 0.8127987926169186, "f1": 0.7619047619047619, "precision": 0.7272727272727273, "recall": 0.8}